"","double","no_eruption","progression","shape","tissue"
"double",1,0.158363032593054,0.520300759573703,0.43747828250714,0.0320415461927272
"no_eruption",0.158363032593054,1,0.116283742772054,0.221404204114846,0.552130327884234
"progression",0.520300759573703,0.116283742772054,1,0.00262634567153477,0.00043951114018931
"shape",0.43747828250714,0.221404204114846,0.00262634567153477,1,0.033207202476965
"tissue",0.0320415461927272,0.552130327884234,0.00043951114018931,0.033207202476965,1
