"","double","no_eruption","progression","shape","tissue"
"double",1,0.921289354229242,0.150708812326158,0.355024859272241,0.929375794866244
"no_eruption",0.921289354229242,1,0.0734590071943634,0.229934918908328,0.776637990767942
"progression",0.150708812326158,0.0734590071943634,1,0.00230565811382267,0.000545434864516578
"shape",0.355024859272241,0.229934918908328,0.00230565811382267,1,0.0218752333804846
"tissue",0.929375794866244,0.776637990767942,0.000545434864516578,0.0218752333804846,1
