"","double","no_eruption","progression","shape","tissue"
"double",1,0.43956043956044,0.102232956839903,0.992413440008291,0.305441146211937
"no_eruption",0.43956043956044,1,0.000515995872033024,0.0832659183604679,0.762782059431114
"progression",0.102232956839903,0.000515995872033024,1,0.00398457241603907,1.63428329368326e-05
"shape",0.992413440008291,0.0832659183604679,0.00398457241603907,1,0.0254337800909522
"tissue",0.305441146211937,0.762782059431114,1.63428329368326e-05,0.0260059461543318,1
