"","double","no_eruption","progression","shape","tissue"
"double",1,0.018981018981019,0.722206585983676,0.0341584619144481,0.00578442342984645
"no_eruption",0.018981018981019,1,0.000902992776057792,0.0341204031415377,0.334836326076593
"progression",0.722206585983676,0.000902992776057792,1,0.00726454735237977,0.000155930702950549
"shape",0.0341584619144481,0.0341204031415377,0.00726454735237977,1,0.0957840898160582
"tissue",0.00578442342984645,0.334836326076593,0.000155930702950549,0.0974868815388405,1
